{
  "design": {
    "ablations": 10,
    "episodes_per_cell": 6,
    "fixed_risk_budgets": 4,
    "methods": 16,
    "regimes": 10,
    "seeds": 10,
    "splits": 8,
    "stress_levels": 10,
    "tasks": 8
  },
  "gates": {
    "ablation_gate": true,
    "ablation_success_margin_vs_best_removed_component": 0.015208333333333157,
    "ablation_utility_margin_vs_best_removed_component": 0.06574841294196321,
    "belief_ece_delta_vs_strongest": -0.04228116426151834,
    "best_removed_component_success": "minus_branch_budget",
    "best_removed_component_utility": "minus_damage_model",
    "damage_rate_delta_vs_strongest": -0.01994370563754331,
    "diagnostic_gate": true,
    "fixed_risk_gate": true,
    "intervention_cost_delta_vs_strongest": 0.007171117407999972,
    "irreversible_commitment_delta_vs_strongest": -0.027933238283784002,
    "pairwise_gate": true,
    "precondition_violation_delta_vs_strongest": -0.044257180755917766,
    "recovery_success_delta_vs_strongest": 0.05874087634517988,
    "safety_gate": true,
    "scope_gate": false,
    "stress_gate": true,
    "stress_utility_margin_at_max_stress": 0.14589780577156813,
    "strict_fixed_risk_coverage": 0.30375,
    "strict_fixed_risk_utility_margin": 0.20397292673478962,
    "strongest_non_oracle_baseline": "proposed_contact_belief_tamp_v4",
    "success_gate": true,
    "success_margin_vs_strongest": 0.07020833333333332,
    "utility_gate": true,
    "utility_margin_vs_strongest": 0.14890897456265023,
    "wasted_action_delta_vs_strongest": -0.02656832641957857
  },
  "iclr_main_ready": false,
  "oracle_method": "oracle_hybrid_contact_planner",
  "oracle_metrics": {
    "belief_ece": 0.03782581531246699,
    "branch_entropy_error": 0.05934235520547293,
    "damage_rate": 0.03157591379375785,
    "intervention_cost": 0.19803429584000004,
    "irreversible_commitment": 0.03814910779145354,
    "plan_depth_blowup": 0.04756031630703235,
    "precondition_violation": 0.014020649827502795,
    "probe_overhead": 0.04401,
    "recovery_success": 0.5963284859649012,
    "regret_to_oracle": 0.0,
    "success": 0.6943750000000001,
    "utility": 0.6812115239194549,
    "wasted_action": 0.04512784455423901
  },
  "paper": 110,
  "primary_method": "contact_belief_branch_audit_v5",
  "primary_metrics": {
    "belief_ece": 0.02587098390524293,
    "branch_entropy_error": 0.056915880229149174,
    "damage_rate": 0.025352291211812705,
    "intervention_cost": 0.22301057699199997,
    "irreversible_commitment": 0.033870214959414204,
    "plan_depth_blowup": 0.0434986923006007,
    "precondition_violation": 0.018533297012104172,
    "probe_overhead": 0.044707199999999996,
    "recovery_success": 0.5757527704660287,
    "regret_to_oracle": 0.14270833333333335,
    "success": 0.63,
    "utility": 0.612386289183336,
    "wasted_action": 0.04683223402082713
  },
  "rationale": "expanded local contact-belief planning evidence supports the mechanism, but the external robotics scope gate fails",
  "row_counts": {
    "ablation_cell_rows": 8000,
    "ablation_metric_rows": 10,
    "ablation_seed_rows": 100,
    "dataset_summary_rows": 640,
    "failure_case_rows": 24,
    "fixed_risk_cell_rows": 51200,
    "fixed_risk_metric_rows": 64,
    "fixed_risk_pairwise_rows": 60,
    "fixed_risk_seed_rows": 640,
    "hard_metric_rows": 16,
    "hard_pairwise_rows": 15,
    "hard_seed_rows": 160,
    "main_cell_rows": 102400,
    "main_group_rows": 10240,
    "metric_rows": 128,
    "seed_metric_rows": 1280,
    "stress_cell_rows": 48000,
    "stress_metric_rows": 60,
    "stress_seed_rows": 600
  },
  "slug": "task_planning_under_contact_uncertainty",
  "strongest_non_oracle_baseline": "proposed_contact_belief_tamp_v4",
  "strongest_non_oracle_metrics": {
    "belief_ece": 0.06815214816676127,
    "branch_entropy_error": 0.09798391702211963,
    "damage_rate": 0.045295996849356014,
    "intervention_cost": 0.215839459584,
    "irreversible_commitment": 0.061803453243198206,
    "plan_depth_blowup": 0.0808387432853911,
    "precondition_violation": 0.06279047776802194,
    "probe_overhead": 0.048263600000000004,
    "recovery_success": 0.5170118941208488,
    "regret_to_oracle": 0.18541666666666665,
    "success": 0.5597916666666667,
    "utility": 0.4634773146206858,
    "wasted_action": 0.0734005604404057
  },
  "terminal_decision": "STRONG_REVISE",
  "v4_method": "proposed_contact_belief_tamp_v4"
}